continent,capital,languages,geonameId,south,isoAlpha3,north,fipsCode,population,east,isoNumeric,areaInSqKm,countryCode,west,countryName,postalCodeFormat,continentName,currencyCode
EU,Andorra la Vella,ca,3041565,42.4287475,AND,42.655887500000006,AN,77006,1.7866939,20,468.0,AD,1.4135734,Andorra,AD###,Europe,EUR
AS,Abu Dhabi,"ar-AE,fa,en,hi,ur",290557,22.6315119400001,ARE,26.0693916590001,AE,9630959,56.381222289,784,82880.0,AE,51.5904085340001,United Arab Emirates,##### #####,Asia,AED
AS,Kabul,"fa-AF,ps,uz-AF,tk",1149361,29.3770645357176,AFG,38.4907920755748,AF,37172386,74.8894511481168,4,647500.0,AF,60.4720833972263,Afghanistan,,Asia,AFN
NA,St John's,en-AG,3576396,16.997852913000003,ATG,17.729482678,AC,96286,-61.673633812000006,28,443.0,AG,-61.906386729000005,Antigua and Barbuda,,North America,XCD
NA,The Valley,en-AI,3573511,18.15961884,AIA,18.276289043000002,AV,13254,-62.965782689,660,102.0,AI,-63.172970186,Anguilla,AI-####,North America,XCD
EU,Tirana,"sq,el",783754,39.6448624829142,ALB,42.6611669383269,AL,2866376,21.0574334835312,8,28748.0,AL,19.2639112711741,Albania,####,Europe,ALL
AS,Yerevan,hy,174982,38.840244,ARM,41.3009930000001,AM,2951776,46.6342220000001,51,29800.0,AM,43.447417525,Armenia,######,Asia,AMD
AF,Luanda,pt-AO,3351879,-18.039104000000002,AGO,-4.3880634,AO,30809762,24.0878856,24,1246700.0,AO,11.670196277,Angola,,Africa,AOA
AN,,,6697173,-89.9999,ATA,-60.515533,AY,0,179.9999,10,14000000.0,AQ,-179.9999,Antarctica,,Antarctica,
SA,Buenos Aires,"es-AR,en,it,de,fr,gn",3865483,-55.0576984539999,ARG,-21.777951173,AR,44494502,-53.637962552,32,2766890.0,AR,-73.566302817,Argentina,@####@@@,South America,ARS
OC,Pago Pago,"en-AS,sm,to",5880801,-14.373776,ASM,-11.047857,AQ,55465,-169.418925,16,199.0,AS,-171.090042,American Samoa,#####-####,Oceania,USD
EU,Vienna,"de-AT,hr,hu,sl",2782113,46.3726520216244,AUT,49.0211627691393,AU,8847037,17.1620685652599,40,83858.0,AT,9.53095237240833,Austria,####,Europe,EUR
OC,Canberra,en-AU,2077456,-43.643194904,AUS,-10.059130975,AS,24992369,153.638727019,36,7686850.0,AU,112.921113949,Australia,####,Oceania,AUD
NA,Oranjestad,"nl-AW,pap,es,en",3577279,12.412106778,ABW,12.623131233,AA,105845,-69.866001173,533,193.0,AW,-70.06347981500001,Aruba,,North America,AWG
EU,Mariehamn,sv-AX,661882,59.90135939300001,ALA,60.49399356200001,,26711,21.021359934000003,248,1580.0,AX,19.310969323000002,Åland,#####,Europe,EUR
AS,Baku,"az,ru,hy",587116,38.3922170010001,AZE,41.9123400010001,AJ,9942334,50.3700828550001,31,86600.0,AZ,44.764683001,Azerbaijan,AZ ####,Asia,AZN
EU,Sarajevo,"bs,hr-BA,sr-BA",3277605,42.555473846,BIH,45.276539649,BK,3323929,19.6237016800001,70,51129.0,BA,15.728732108,Bosnia and Herzegovina,#####,Europe,BAM
NA,Bridgetown,en-BB,3374084,13.044896628,BRB,13.335128143,BB,286641,-59.420396444000005,52,431.0,BB,-59.651011138,Barbados,BB#####,North America,BBD
AS,Dhaka,"bn-BD,en",1210997,21.719218206,BGD,23.526564698,BG,161356039,91.896540435,50,144000.0,BD,89.032430407,Bangladesh,####,Asia,BDT
EU,Brussels,"nl-BE,fr-BE,de-BE",2802361,49.496968483036,BEL,51.5051118897455,BE,11422068,6.40793743953125,56,30510.0,BE,2.54132898439873,Belgium,####,Europe,EUR
AF,Ouagadougou,"fr-BF,mos",2361809,9.41047177500008,BFA,15.084033447,UV,19751535,2.4043597690000498,854,274200.0,BF,-5.51324157299996,Burkina Faso,,Africa,XOF
EU,Sofia,"bg,tr-BG,rom",732800,41.235341500000004,BGR,44.2154806,BU,7000039,28.607429551000003,100,110910.0,BG,22.357156800000002,Bulgaria,####,Europe,BGN
AS,Manama,"ar-BH,en,fa,ur",290291,25.790910001,BHR,26.3308150010001,BA,1569439,50.720622,48,665.0,BH,50.3158550000001,Bahrain,####|###,Asia,BHD
AF,Gitega,"fr-BI,rn",433561,-4.46932899899997,BDI,-2.30973016299993,BY,11175378,30.84954,108,27830.0,BI,29.0009680000001,Burundi,,Africa,BIF
AF,Porto-Novo,fr-BJ,2395170,6.23477794100006,BEN,12.4086110000001,BN,11485048,3.84306303800003,204,112620.0,BJ,0.7754123260000371,Benin,,Africa,XOF
NA,Gustavia,fr,3578476,17.878183227405575,BLM,17.928808791949283,TB,8450,-62.788983372985854,652,21.0,BL,-62.8739118253784,Saint Barthélemy,#####,North America,EUR
NA,Hamilton,"en-BM,pt",3573345,32.247240870129,BMU,32.3909785046382,BD,63968,-64.6473267161152,60,53.0,BM,-64.8870418687384,Bermuda,@@ ##,North America,BMD
AS,Bandar Seri Begawan,"ms-BN,en-BN",1820814,4.00264384400003,BRN,5.04571171901151,BX,428962,115.364671704,96,5770.0,BN,114.075926291,Brunei,@@####,Asia,BND
SA,Sucre,"es-BO,qu,ay",3923057,-22.89809,BOL,-9.66932299899997,BL,11353142,-57.4538029999999,68,1098580.0,BO,-69.644939573,Bolivia,,South America,BOB
NA,Kralendijk,"nl,pap,en",7626844,12.025647971000001,BES,12.311868424,,18012,-68.195332674,535,328.0,BQ,-68.421178846,"Bonaire, Sint Eustatius, and Saba",,North America,USD
SA,Brasília,"pt-BR,es,en,fr",3469034,-32.655733109,BRA,5.2717863,BR,209469333,-32.391076267,76,8511965.0,BR,-73.98281700000001,Brazil,#####-###,South America,BRL
NA,Nassau,en-BS,3572887,22.852743,BHS,26.919243,BF,385640,-74.423874,44,13940.0,BS,-78.999528159018,Bahamas,,North America,BSD
AS,Thimphu,dz,1252634,26.702020985,BTN,28.246987001,BT,754394,92.12523192,64,47000.0,BT,88.7455215570001,Bhutan,,Asia,BTN
AN,,,3371123,-54.452306883000006,BVT,-54.38673682300001,BV,0,3.43339585,74,49.0,BV,3.2863599580000002,Bouvet Island,,Antarctica,NOK
AF,Gaborone,"en-BW,tn-BW",933860,-26.907545,BWA,-17.778136999,BC,2254126,29.375304,72,600370.0,BW,19.998903,Botswana,,Africa,BWP
EU,Minsk,"be,ru",630336,51.262011,BLR,56.1724940010001,BO,9485386,32.776820001,112,207600.0,BY,23.1781980010001,Belarus,######,Europe,BYN
NA,Belmopan,"en-BZ,es",3582678,15.885619,BLZ,18.495942,BH,383071,-87.76179484000001,84,22966.0,BZ,-89.22758800000001,Belize,,North America,BZD
NA,Ottawa,"en-CA,fr-CA,iu",6251999,41.6765678,CAN,83.113214493,CA,37058856,-52.619079929,124,9984670.0,CA,-141.0018584,Canada,@#@ #@#,North America,CAD
AS,West Island,"ms-CC,en",1547376,-12.208725839,CCK,-12.072459094,CK,628,96.929489344,166,14.0,CC,96.816941408,Cocos (Keeling) Islands,####,Asia,AUD
AF,Kinshasa,"fr-CD,ln,ktu,kg,sw,lua",203312,-13.459034999,COD,5.39200300000005,CG,84068091,31.3146120000001,180,2345410.0,CD,12.202361491,DR Congo,,Africa,CDF
AF,Bangui,"fr-CF,sg,ln,kg",239880,2.22305300000005,CAF,11.017957,CT,4666377,27.4583050000001,140,622984.0,CF,14.4150980000001,Central African Republic,,Africa,XAF
AF,Brazzaville,"fr-CG,kg,ln-CG",2260494,-5.04072158799994,COG,3.7077910000000402,CF,5244363,18.65042119,178,342000.0,CG,11.1520760600001,Congo Republic,,Africa,XAF
EU,Bern,"de-CH,fr-CH,it-CH,rm",2658434,45.8191539516188,CHE,47.8098679329775,SZ,8516543,10.4934735095497,756,41290.0,CH,5.95661377423453,Switzerland,####,Europe,CHF
AF,Yamoussoukro,fr-CI,2287781,4.36035248000007,CIV,10.740015,IV,25069229,-2.49303099999997,384,322460.0,CI,-8.60205899999994,Ivory Coast,,Africa,XOF
OC,Avarua,"en-CK,mi",1899402,-21.958539727,COK,-10.024169,CW,21388,-157.32204534500002,184,240.0,CK,-161.105922999,Cook Islands,,Oceania,NZD
SA,Santiago,es-CL,3895114,-55.909795409,CHL,-17.4977759459999,CI,18729160,-66.416152278,152,756950.0,CL,-80.8370287079999,Chile,#######,South America,CLP
AF,Yaoundé,"en-CM,fr-CM",2233387,1.6559000000000301,CMR,13.083334,CM,25216237,16.1944080000001,120,475440.0,CM,8.49843402900007,Cameroon,,Africa,XAF
AS,Beijing,"zh-CN,yue,wuu,dta,ug,za",1814991,15.775416,CHN,53.560974001,CH,1411778724,134.7754563,156,9596960.0,CN,73.4994140000001,China,######,Asia,CNY
SA,Bogotá,es-CO,3686110,-4.22839224299997,COL,13.38600323,CO,49648685,-66.84721539899991,170,1138910.0,CO,-81.735775648,Colombia,######,South America,COP
NA,San José,"es-CR,en",3624060,8.03962731803416,CRI,11.2197589122308,CS,4999441,-82.552318987959,188,51100.0,CR,-85.9502523586265,Costa Rica,#####,North America,CRC
NA,Havana,"es-CU,pap",3562981,19.826172913,CUB,23.205106375,CU,11338138,-74.131757291,192,110860.0,CU,-84.952245207,Cuba,CP #####,North America,CUP
AF,Praia,pt-CV,3374766,14.812322458,CPV,17.206296667,CV,543767,-22.664677706000003,132,4033.0,CV,-25.361204280000003,Cabo Verde,####,Africa,CVE
NA,Willemstad,"nl,pap",7626836,12.034003977000001,CUW,12.392445451,UC,159849,-68.736739869,531,444.0,CW,-69.162557726,Curaçao,,North America,ANG
OC,Flying Fish Cove,"en,zh,ms-CX",2078138,-10.5704829995,CXR,-10.412356007,KT,1500,105.712596992,162,135.0,CX,105.533276992,Christmas Island,####,Oceania,AUD
EU,Nicosia,"el-CY,tr-CY,en",146669,34.632303001,CYP,35.69493443939431,CY,1189265,34.5877096808548,196,9250.0,CY,32.271016385336786,Cyprus,####,Europe,EUR
EU,Prague,"cs,sk",3077311,48.551892864201,CZE,51.0557782422661,EZ,10625695,18.8592743799298,203,78866.0,CZ,12.0906691601139,Czechia,### ##,Europe,CZK
EU,Berlin,de,2921044,47.2701236047002,DEU,55.0583836008072,GM,82927922,15.0418156516163,276,357021.0,DE,5.8663152683722,Germany,#####,Europe,EUR
AF,Djibouti,"fr-DJ,ar,so-DJ,aa",223816,10.9129530000001,DJI,12.7136967920001,DJ,958920,43.4175099920001,262,23000.0,DJ,41.7708460000001,Djibouti,,Africa,DJF
EU,Copenhagen,"da-DK,en,fo,de-DK",2623032,54.5590783718363,DNK,57.3282078631757,DA,5797446,15.1569721573943,208,43094.0,DK,8.07250975308422,Denmark,####,Europe,DKK
NA,Roseau,en-DM,3575830,15.207302633000001,DMA,15.639513083,DO,71625,-61.240777722000004,212,754.0,DM,-61.480074771000005,Dominica,,North America,XCD
NA,Santo Domingo,es-DO,3508796,17.5395066830409,DOM,19.9321257501267,DR,10627165,-68.3229591969468,214,48730.0,DO,-72.0114723981787,Dominican Republic,#####,North America,DOP
AF,Algiers,ar-DZ,2589581,18.968147,DZA,37.089801381,AG,42228429,11.9984999060001,12,2381740.0,DZ,-8.66761116299995,Algeria,#####,Africa,DZD
SA,Quito,es-EC,3658394,-5.01615732302488,ECU,1.43523516349953,EC,17084357,-75.1871465547501,218,283560.0,EC,-81.0836838953894,Ecuador,@####@,South America,USD
EU,Tallinn,"et,ru",453733,57.509312800000004,EST,59.67520158600001,EN,1320884,28.209323191000003,233,45226.0,EE,21.828243949,Estonia,#####,Europe,EUR
AF,Cairo,"ar-EG,en,fr",357994,21.724952,EGY,31.6709930000001,EG,98423595,35.7935441020001,818,1001450.0,EG,24.696775000000102,Egypt,#####,Africa,EGP
AF,,"ar,mey",2461445,20.771664961000003,ESH,27.667401638,WI,273008,-8.667525000000001,732,266000.0,EH,-17.10418129,Western Sahara,,Africa,MAD
AF,Asmara,"aa-ER,ar,tig,kun,ti-ER",338010,12.3543041790001,ERI,18.004838997,ER,6209262,43.1368865700001,232,121320.0,ER,36.434007751,Eritrea,,Africa,ERN
EU,Madrid,"es-ES,ca,gl,eu,oc",2510769,36.0001044260548,ESP,43.7913565913767,SP,46723749,4.32778473043961,724,504782.0,ES,-9.30151567231899,Spain,#####,Europe,EUR
AF,Addis Ababa,"am,en-ET,om-ET,ti-ET,so-ET,sid",337996,3.40413700100004,ETH,14.894214,ET,109224559,48.0010560010001,231,1127127.0,ET,32.997734001,Ethiopia,####,Africa,ETB
EU,Helsinki,"fi-FI,sv-FI,smn",660013,59.807848896,FIN,70.0922932,FI,5518050,31.5867034,246,337030.0,FI,20.548636700000003,Finland,#####,Europe,EUR
OC,Suva,"en-FJ,fj",2205218,-20.673852409000002,FJI,-12.4795295382484,FJ,883483,-178.432146772,242,18270.0,FJ,177.140015279982,Fiji,,Oceania,FJD
SA,Stanley,en-FK,3474414,-52.383984175,FLK,-51.2331394719999,FK,2638,-57.718087652,238,12173.0,FK,-61.3474566739999,Falkland Islands,FIQQ 1ZZ,South America,FKP
OC,Palikir,"en-FM,chk,pon,yap,kos,uli,woe,nkr,kpg",2081918,1.02629,FSM,10.08904,FM,112640,163.03717,583,702.0,FM,137.33648,Micronesia,#####,Oceania,USD
EU,Tórshavn,"fo,da-FO",2622320,61.3910302656013,FRO,62.3938884414274,FO,48497,-6.25655957192113,234,1399.0,FO,-7.688191677774624,Faroe Islands,###,Europe,DKK
EU,Paris,"fr-FR,frp,br,co,ca,eu,oc",3017382,41.3645589826522,FRA,51.0889894407743,FR,66987244,9.56009360694225,250,547030.0,FR,-5.14127657354623,France,#####,Europe,EUR
AF,Libreville,fr-GA,2400553,-3.9618077599999397,GAB,2.31810900100004,GB,2119275,14.5269230000001,266,267667.0,GA,8.69940944700005,Gabon,,Africa,XAF
EU,London,"en-GB,cy-GB,gd",2635167,49.9028622252397,GBR,59.3607741849963,UK,66488991,1.7689121033872999,826,244820.0,GB,-8.61772077108559,United Kingdom,@# #@@|@## #@@|@@# #@@|@@## #@@|@#@ #@@|@@#@ #@@|GIR0AA,Europe,GBP
NA,St. George's,en-GD,3580239,11.9869539231552,GRD,12.318283928171299,GJ,111454,-61.57676970108031,308,344.0,GD,-61.80247620963,Grenada,,North America,XCD
AS,Tbilisi,"ka,ru,hy,az",614540,41.055156100000005,GEO,43.586627,GG,3731000,46.736119,268,69700.0,GE,40.006604,Georgia,####,Asia,GEL
SA,Cayenne,fr-GF,3381670,2.11107565187642,GUF,5.74725188917531,FG,195506,-51.619065827085,254,91000.0,GF,-54.6024155447667,French Guiana,#####,South America,EUR
EU,St Peter Port,"en,nrf",3042362,49.407357411,GGY,49.732650434,GK,65228,-2.15661384,831,78.0,GG,-2.676158606,Guernsey,@# #@@|@## #@@|@@# #@@|@@## #@@|@#@ #@@|@@#@ #@@|GIR0AA,Europe,GBP
AF,Accra,"en-GH,ak,ee,tw",2300660,4.73894544800004,GHA,11.174952907,GH,29767108,1.19948138100006,288,239460.0,GH,-3.26078599999994,Ghana,,Africa,GHS
EU,Gibraltar,"en-GI,es,it,pt",2411586,36.108417452000005,GIB,36.1550302,GI,33718,-5.337457613000001,292,6.5,GI,-5.366033708000001,Gibraltar,GX11 1AA,Europe,GIP
NA,Nuuk,"kl,da-GL,en",3425505,59.773352049,GRL,83.666250438,GL,56025,-11.415399203000002,304,2166086.0,GL,-73.02829874000001,Greenland,####,North America,DKK
AF,Banjul,"en-GM,mnk,wof,wo,ff",2413451,13.06389831,GMB,13.825058100000001,GA,2280102,-13.791386200000002,270,11300.0,GM,-16.813880921000003,The Gambia,,Africa,GMD
AF,Conakry,fr-GN,2420477,7.1906045,GIN,12.674861300000002,GV,12414318,-7.637853000000001,324,245857.0,GN,-14.919164658000001,Guinea,,Africa,GNF
NA,Basse-Terre,fr-GP,3579143,15.8665030910918,GLP,16.5144923539361,GP,443000,-61.0019590353041,312,1780.0,GP,-61.5508178989899,Guadeloupe,#####,North America,EUR
AF,Malabo,"es-GQ,fr,pt",2309096,0.92086101,GNQ,2.34792018,EK,1308974,11.33743668,226,28051.0,GQ,9.34069443,Equatorial Guinea,,Africa,XAF
EU,Athens,"el-GR,en,fr",390903,34.8020663391466,GRC,41.7484999849641,GR,10727668,28.2470831714347,300,131940.0,GR,19.3736035624134,Greece,### ##,Europe,EUR
AN,Grytviken,en,3474415,-59.46319341,SGS,-53.980896636,SX,30,-26.252069712,239,3903.0,GS,-38.0479509639999,South Georgia and South Sandwich Islands,SIQQ 1ZZ,Antarctica,GBP
NA,Guatemala City,es-GT,3595528,13.7400210010001,GTM,17.815695169,GT,17247807,-88.233001934,320,108890.0,GT,-92.231143101,Guatemala,#####,North America,GTQ
OC,Hagåtña,"en-GU,ch-GU",4043988,13.23376,GUM,13.654402,GQ,165768,144.956894,316,549.0,GU,144.618318,Guam,969##,Oceania,USD
AF,Bissau,"pt-GW,pov",2372248,10.921182632,GNB,12.686947,PU,1874309,-13.626523,624,36120.0,GW,-16.667235795,Guinea-Bissau,####,Africa,XOF
SA,Georgetown,en-GY,3378535,1.164724,GUY,8.405275345,GY,779004,-56.49112,328,214970.0,GY,-61.4108317,Guyana,,South America,GYD
AS,Hong Kong,"zh-HK,yue,zh,en",1819730,22.1552256413502,HKG,22.5619493557973,HK,7491609,114.441993257571,344,1092.0,HK,113.839212676903,Hong Kong,######,Asia,HKD
AN,,,1547314,-53.194220878,HMD,-52.915310109,HM,0,73.876616094,334,412.0,HM,72.583712483,Heard and McDonald Islands,####,Antarctica,AUD
NA,Tegucigalpa,"es-HN,cab,miq",3608932,12.9808202,HND,16.515996751,HO,9587522,-83.12893683600001,340,112090.0,HN,-89.3564822,Honduras,#####,North America,HNL
EU,Zagreb,"hr-HR,sr",3202326,42.686594828000004,HRV,46.555020500000005,HR,3871833,19.447372100000003,191,56542.0,HR,13.489818351,Croatia,#####,Europe,EUR
NA,Port-au-Prince,"ht,fr-HT",3723988,18.021640916000003,HTI,20.089481152,HA,11123176,-71.62175400000001,332,27750.0,HT,-74.480430603,Haiti,HT####,North America,HTG
EU,Budapest,hu-HU,719819,45.7370495590001,HUN,48.585336,HU,9768785,22.896564336,348,93030.0,HU,16.113795,Hungary,####,Europe,HUF
AS,Jakarta,"id,en,nl,jv",1643084,-10.9431056999999,IDN,5.9072298000000405,ID,267663435,141.0194,360,1919440.0,ID,95.0111465000001,Indonesia,#####,Asia,IDR
EU,Dublin,"en-IE,ga-IE",2963597,51.4475491577615,IRL,55.3829431564742,EI,4853506,-5.99804990172185,372,70280.0,IE,-10.4800035816853,Ireland,@@@ @@@@,Europe,EUR
AS,,"he,ar-IL,en-IL,",294640,29.490654862,ISR,33.2908350000001,IS,8883800,35.67033,376,20770.0,IL,34.267257,Israel,#######,Asia,ILS
EU,Douglas,"en,gv",3042225,54.0536251033159,IMN,54.4178825685258,IM,84077,-4.30802074695987,833,572.0,IM,-4.79430574571353,Isle of Man,@# #@@|@## #@@|@@# #@@|@@## #@@|@#@ #@@|@@#@ #@@|GIR0AA,Europe,GBP
AS,New Delhi,"en-IN,hi,bn,te,mr,ta,ur,gu,kn,ml,or,pa,as,bh,sat,ks,ne,sd,kok,doi,mni,sit,sa,fr,lus,inc",1269750,6.756488981,IND,35.6739668609106,IN,1352617328,97.4152926679075,356,3287590.0,IN,68.451157765,India,######,Asia,INR
AS,,en-IO,1282588,-6.207870302000001,IOT,-5.279533272,IO,4000,72.230204978,86,60.0,IO,71.311290027,British Indian Ocean Territory,BBND 1ZZ,Asia,USD
AS,Baghdad,"ar-IQ,ku,hy",99237,29.0612080000001,IRQ,37.380746001,IZ,38433600,48.6117360000001,368,437072.0,IQ,38.7936740000001,Iraq,#####,Asia,IQD
AS,Tehran,"fa-IR,ku",130758,25.060388566,IRN,39.7822393340001,IR,81800269,63.333337,364,1648000.0,IR,44.032638708,Iran,##########,Asia,IRR
EU,Reykjavik,"is,en,de,da,sv,no",2629691,63.394392778588,ISL,66.5377933098397,IC,353574,-13.4946206239501,352,103000.0,IS,-24.5326753866625,Iceland,###,Europe,ISK
EU,Rome,"it-IT,de-IT,fr-IT,sc,ca,co,sl",3175395,36.6440816661648,ITA,47.0917837415439,IT,60431283,18.5203814091888,380,301230.0,IT,6.62662135986088,Italy,#####,Europe,EUR
EU,Saint Helier,"en,fr,nrf",3042142,49.162639832,JEY,49.262085141,JE,90812,-2.016521809,832,116.0,JE,-2.256828534,Jersey,@# #@@|@## #@@|@@# #@@|@@## #@@|@#@ #@@|@@#@ #@@|GIR0AA,Europe,GBP
NA,Kingston,en-JM,3489940,17.7059966193696,JAM,18.524766185516,JM,2934855,-76.1830989848426,388,10991.0,JM,-78.3690062954957,Jamaica,,North America,JMD
AS,Amman,"ar-JO,en",248816,29.1850360010001,JOR,33.374735,JO,9956011,39.3011540000001,400,92300.0,JO,34.955471039,Jordan,#####,Asia,JOD
AS,Tokyo,ja,1861060,24.255169441,JPN,45.52295736,JA,126529100,145.817458885,392,377835.0,JP,122.933653061,Japan,###-####,Asia,JPY
AF,Nairobi,"en-KE,sw-KE",192950,-4.67989449199996,KEN,5.03342100100002,KE,51393010,41.9069450000001,404,582650.0,KE,33.9098210000001,Kenya,#####,Africa,KES
AS,Bishkek,"ky,uz,ru",1527747,39.180972600000004,KGZ,43.266184800000005,KG,6315800,80.2281514,417,198500.0,KG,69.26406010000001,Kyrgyzstan,######,Asia,KGS
AS,Phnom Penh,"km,fr,en",1831722,10.404467499999999,KHM,14.690179,CB,16249798,107.62768700000001,116,181040.0,KH,102.3336584,Cambodia,#####,Asia,KHR
OC,Tarawa,"en-KI,gil",4030945,-11.4460499999991,KIR,3.93942799999973,KR,115847,-150.2345115032905,296,811.0,KI,169.548692,Kiribati,,Oceania,AUD
AF,Moroni,"ar,fr-KM",921929,-12.391376681,COM,-11.364901803,CN,832322,44.540496038,174,2170.0,KM,43.229447492000006,Comoros,,Africa,KMF
NA,Basseterre,en-KN,3575174,17.094041539000003,KNA,17.417971063,SC,52441,-62.539445108,659,261.0,KN,-62.864195683000005,St Kitts and Nevis,,North America,XCD
AS,Pyongyang,ko-KP,1873107,37.676415029000005,PRK,43.009170000000005,KN,25549819,130.69807515,408,120540.0,KP,124.30949351800001,North Korea,###-###,Asia,KPW
AS,Seoul,"ko-KR,en",1835841,33.1954102977009,KOR,38.5933891092225,KS,51635256,129.583016157998,410,98480.0,KR,125.887442375577,South Korea,#####,Asia,KRW
AS,Kuwait City,"ar-KW,en",285570,28.524446,KWT,30.103699100000004,KU,4137309,48.430707508000005,414,17820.0,KW,46.55304,Kuwait,#####,Asia,KWD
NA,George Town,en-KY,3580718,19.262405779,CYM,19.756924232000003,CJ,64174,-79.722724161,136,262.0,KY,-81.420590362,Cayman Islands,,North America,KYD
AS,Nur-Sultan,"kk,ru",1522867,40.5686884990001,KAZ,55.441984001,KZ,18276499,87.3154150010001,398,2717300.0,KZ,46.4936720000001,Kazakhstan,######,Asia,KZT
AS,Vientiane,"lo,fr,en",1655842,13.909720001,LAO,22.50904495,LA,7061507,107.635093936,418,236800.0,LA,100.083872,Laos,#####,Asia,LAK
AS,Beirut,"ar-LB,fr-LB,en,hy",272103,33.0550260000001,LBN,34.6920900000001,LE,6848925,36.62372,422,10400.0,LB,35.103668213,Lebanon,#### ####|####,Asia,LBP
NA,Castries,en-LC,3576468,13.7072692224982,LCA,14.110317287646,ST,181889,-60.8732306422271,662,616.0,LC,-61.07995730159752,Saint Lucia,,North America,XCD
EU,Vaduz,de-LI,3042058,47.0484281,LIE,47.270574200000006,LS,37910,9.6356923,438,160.0,LI,9.4716831,Liechtenstein,####,Europe,CHF
AS,Colombo,"si,ta,en",1227603,5.91869676126554,LKA,9.83586297688552,CE,21670000,81.8790900303934,144,65610.0,LK,79.6505518289324,Sri Lanka,#####,Asia,LKR
AF,Monrovia,en-LR,2275384,4.35326143300006,LBR,8.55198600000006,LI,4818977,-7.36925499999995,430,111370.0,LR,-11.4993114059999,Liberia,####,Africa,LRD
AF,Maseru,"en-LS,st,zu,xh",932692,-30.6755750029999,LSO,-28.5708,LT,2108132,29.4557099420001,426,30355.0,LS,27.011229998,Lesotho,###,Africa,LSL
EU,Vilnius,"lt,ru,pl",597427,53.896794990000004,LTU,56.4504065100001,LH,2789533,26.8355231,440,65200.0,LT,20.941527999999998,Lithuania,LT-#####,Europe,EUR
EU,Luxembourg,"lb,de-LU,fr-LU",2960313,49.447858677765716,LUX,50.182772453796446,LU,607728,6.5308980672559525,442,2586.0,LU,5.735698938390786,Luxembourg,L-####,Europe,EUR
EU,Riga,"lv,ru,lt",458258,55.6746813658222,LVA,58.0855687987932,LG,1926542,28.2414937252949,428,64589.0,LV,20.9621192713114,Latvia,LV-####,Europe,EUR
AF,Tripoli,"ar-LY,it,en",2215636,19.5,LBY,33.166502251000004,LY,6678567,25.149240494,434,1759540.0,LY,9.391466300000001,Libya,,Africa,LYD
AF,Rabat,"ar-MA,ber,fr",2542007,27.6672694750001,MAR,35.922341095,MO,36029138,-0.9969757809999461,504,446550.0,MA,-13.1722970399999,Morocco,#####,Africa,MAD
EU,Monaco,"fr-MC,en,it",2993457,43.724488524,MCO,43.7519093,MN,38682,7.4400378310000015,492,1.95,MC,7.409077600000001,Monaco,#####,Europe,EUR
EU,Chișinău,"ro,ru,gag,tr",617790,45.4674379630001,MDA,48.492029003,MD,3545883,30.1635900000001,498,33843.0,MD,26.6164249990001,Moldova,MD-####,Europe,MDL
EU,Podgorica,"sr,hu,bs,sq,hr,rom",3194884,41.868751527,MNE,43.558230232,MJ,622345,20.352926,499,14026.0,ME,18.4335595800001,Montenegro,#####,Europe,EUR
NA,Marigot,fr,3578421,18.0457313,MAF,18.124597291,RN,37264,-63.010251297,663,53.0,MF,-63.153103465,Saint Martin,#####,North America,EUR
AF,Antananarivo,"fr-MG,mg",1062947,-25.604970374,MDG,-11.952634594000001,MA,26262368,50.486374859,450,587040.0,MG,43.220079751,Madagascar,###,Africa,MGA
OC,Majuro,"mh,en-MH",2080185,5.590593336,MHL,14.630405313,RM,58413,171.93520866900002,584,181.3,MH,165.52220278500002,Marshall Islands,#####-####,Oceania,USD
EU,Skopje,"mk,sq,tr,rmm,sr",718075,40.8539489400001,MKD,42.3736460000001,MK,2082958,23.0340440310001,807,25333.0,MK,20.4524230000001,North Macedonia,####,Europe,MKD
AF,Bamako,"fr-ML,bm",2453866,10.147811,MLI,25.001084,ML,19077690,4.26666786900006,466,1240000.0,ML,-12.240344643,Mali,,Africa,XOF
AS,Nay Pyi Taw,my,1327865,9.785348390000001,MMR,28.547763300000003,BM,53708395,101.1702717,104,678500.0,MM,92.17197780000001,Myanmar,#####,Asia,MMK
AS,Ulaanbaatar,"mn,ru",2029969,41.5818330000001,MNG,52.1483550020001,MG,3170208,119.931509803,496,1565000.0,MN,87.7344790560001,Mongolia,######,Asia,MNT
AS,Macao,"zh,zh-MO,pt",1821275,22.109714116000003,MAC,22.217059000000003,MC,631636,113.59286193700001,446,254.0,MO,113.52872988200001,Macao,######,Asia,MOP
OC,Saipan,"fil,tl,zh,ch-MP,en-MP",4041468,14.11023,MNP,20.55344,CQ,56882,146.06528,580,477.0,MP,144.88626,Northern Mariana Islands,#####,Oceania,USD
NA,Fort-de-France,fr-MQ,3570311,14.3946961023016,MTQ,14.8787232943029,MB,432900,-60.8096896756103,474,1100.0,MQ,-61.229041406022,Martinique,#####,North America,EUR
AF,Nouakchott,"ar-MR,fuc,snk,fr,mey,wo",2378080,14.721273,MRT,27.3158917,MR,4403319,-4.8341332999999995,478,1030700.0,MR,-17.068727600000003,Mauritania,,Africa,MRU
NA,Plymouth,en-MS,3578097,16.674434235,MSR,16.823976028,MH,9341,-62.144368171,500,102.0,MS,-62.241642326000004,Montserrat,,North America,XCD
EU,Valletta,"mt,en-MT",2562770,35.8061835000002,MLT,36.0821530995456,MT,483530,14.5764915000002,470,316.0,MT,14.1834251000001,Malta,@@@ ####,Europe,EUR
AF,Port Louis,"en-MU,bho,fr",934292,-20.525962167000003,MUS,-10.336914977000001,MP,1265303,63.502770681,480,2040.0,MU,56.585206416000005,Mauritius,,Africa,MUR
AS,Malé,"dv,en",1282028,-0.7036689138580341,MDV,7.09404881285051,MV,515696,73.59108723355475,462,300.0,MV,72.71436390532806,Maldives,#####,Asia,MVR
AF,Lilongwe,"ny,yao,tum,swk",927384,-17.1295217059999,MWI,-9.36722739199996,MI,17563749,35.9185731040001,454,118480.0,MW,32.6725205490001,Malawi,######,Africa,MWK
NA,Mexico City,es-MX,3996063,14.534548000000001,MEX,32.7187271,MX,126190788,-86.710518546,484,1972550.0,MX,-118.365853993,Mexico,#####,North America,MXN
AS,Kuala Lumpur,"ms-MY,en,zh,ta,te,ml,pa,th",1733045,0.8550009720000281,MYS,7.36333513300002,MY,31528585,119.269721985,458,329750.0,MY,99.6407165520001,Malaysia,#####,Asia,MYR
AF,Maputo,"pt-MZ,vmw",1036973,-26.868162,MOZ,-10.4731756319999,MZ,29495962,40.838104211,508,801590.0,MZ,30.2155500000001,Mozambique,####,Africa,MZN
AF,Windhoek,"en-NA,af,de,hz,naq",3355338,-28.9706389999999,NAM,-16.963488173000002,WA,2448255,25.2617520000001,516,825418.0,NA,11.737502061,Namibia,,Africa,NAD
OC,Noumea,fr-NC,2139685,-22.695222359000002,NCL,-19.540235966,NC,284060,168.13386857,540,19060.0,NC,163.56999618400002,New Caledonia,#####,Oceania,XPF
AF,Niamey,"fr-NE,ha,kr,dje",2440476,11.6937560000001,NER,23.5149999920001,NG,22442948,15.9990340000001,562,1267000.0,NE,0.162193643000023,Niger,####,Africa,XOF
OC,Kingston,en-NF,2155115,-29.0633027,NFK,-28.995059758000004,NF,1828,167.997572934,574,34.6,NF,167.914101442,Norfolk Island,####,Oceania,AUD
AF,Abuja,"en-NG,ha,yo,ig,ff",2328926,4.27058531900002,NGA,13.885645000000068,NI,195874740,14.677982000000043,566,923768.0,NG,2.663560999000026,Nigeria,######,Africa,NGN
NA,Managua,"es-NI,en",3617476,10.708055,NIC,15.029737,NU,6465513,-82.735454229,558,129494.0,NI,-87.69112585500001,Nicaragua,###-###-#,North America,NIO
EU,Amsterdam,"nl-NL,fy-NL",2750405,50.7503674993741,NLD,53.5157125645109,NL,17231017,7.22749859212922,528,41526.0,NL,3.35837827202,The Netherlands,#### @@,Europe,EUR
EU,Oslo,"no,nb,nn,se,fi",3144096,57.97987783489344,NOR,71.1854764998959,NO,5314336,31.063740342248376,578,324220.0,NO,4.64182374183584,Norway,####,Europe,NOK
AS,Kathmandu,"ne,en",1282988,26.3479660710001,NPL,30.447389748,NP,28087871,88.2015257450001,524,140800.0,NP,80.058450824,Nepal,#####,Asia,NPR
OC,Yaren District,"na,en-NR",2110425,-0.5541467234752241,NRU,-0.502657000000004,NR,12704,166.95899600000007,520,21.0,NR,166.90968999999996,Nauru,NRU68,Oceania,AUD
OC,Alofi,"niu,en-NU",4036232,-19.154505229,NIU,-18.952488991000003,NE,2166,-169.774500025,570,260.0,NU,-169.95010424900002,Niue,####,Oceania,NZD
OC,Wellington,"en-NZ,mi",2186224,-47.290029537,NZL,-34.392812824,NZ,4885500,-180.0,554,268680.0,NZ,166.72353,New Zealand,####,Oceania,NZD
AS,Muscat,"ar-OM,en,bal,ur",286963,16.650124646000002,OMN,26.38837201,MU,4829483,59.839632204000004,512,212460.0,OM,52.0,Oman,###,Asia,OMR
NA,Panama City,"es-PA,en",3703430,7.20236920646422,PAN,9.6474132494631,PM,4176873,-77.1563637579897,591,78200.0,PA,-83.0523988577088,Panama,#####,North America,PAB
SA,Lima,"es-PE,qu,ay",3932488,-18.3523111,PER,-0.038777,PE,31989256,-68.6523092,604,1285220.0,PE,-81.328220367,Peru,#####,South America,PEN
OC,Papeete,"fr-PF,ty",4030656,-27.649874,PYF,-7.898066269,FP,277679,-134.92922393999999,258,4167.0,PF,-151.763191635,French Polynesia,#####,Oceania,XPF
OC,Port Moresby,"en-PG,ho,meu,tpi",2088628,-11.655101821,PNG,-1.315125882,PP,8606316,155.968347972,598,462840.0,PG,140.841969,Papua New Guinea,###,Oceania,PGK
AS,Manila,"tl,en-PH,fil,ceb,ilo,hil,war,pam,bik,bcl,pag,mrw,tsg,mdh,cbk,krj,sgd,msb,akl,ibg,yka,mta,abx",1694008,4.64209796365014,PHL,21.1218854788318,RP,106651922,126.60497402182328,608,300000.0,PH,116.9288644959,Philippines,####,Asia,PHP
AS,Islamabad,"ur-PK,en-PK,pa,sd,ps,brh",1168579,23.769527435,PAK,37.0841070010001,PK,212215030,77.0132974640001,586,803940.0,PK,60.8729720000001,Pakistan,#####,Asia,PKR
EU,Warsaw,pl,798544,49.0020465193443,POL,54.8357886595169,PL,37978548,24.1457828491313,616,312685.0,PL,14.1228850233809,Poland,##-###,Europe,PLN
NA,Saint-Pierre,fr-PM,3424932,46.782640295,SPM,47.14403996,SB,7012,-56.125471721000004,666,242.0,PM,-56.405724729000006,Saint Pierre and Miquelon,#####,North America,EUR
OC,Adamstown,en-PN,4030699,-24.673778000000002,PCN,-24.331750000000003,PC,46,-124.777138999,612,47.0,PN,-128.356974573,Pitcairn Islands,PCRN 1ZZ,Oceania,NZD
NA,San Juan,"en-PR,es-PR",4566966,17.9269004394039,PRI,18.5159687270238,RQ,3195153,-65.2442099429843,630,9104.0,PR,-67.9461344974432,Puerto Rico,#####-####,North America,USD
AS,,ar-PS,6254930,31.2200520000001,PSE,32.5520881030001,WE,4569087,35.5740520000001,275,5970.0,PS,34.2186994300001,Palestine,,Asia,ILS
EU,Lisbon,"pt-PT,mwl",2264397,36.96125,PRT,42.154311127408,PO,10281762,-6.18915930748288,620,92391.0,PT,-9.500526607165881,Portugal,####-###,Europe,EUR
OC,Ngerulmud,"pau,sov,en-PW,tox,ja,fil,zh",1559582,2.8036000000000003,PLW,8.46966,PS,17907,134.72307,585,458.0,PW,131.11788,Palau,96940,Oceania,USD
SA,Asunción,"es-PY,gn",3437598,-27.5918335646318,PRY,-19.2896000004762,PA,6956071,-54.2589239104835,600,406750.0,PY,-62.6446174378624,Paraguay,####,South America,PYG
AS,Doha,"ar-QA,es",289688,24.4711111230001,QAT,26.1578818880001,QA,2781677,51.6315537500001,634,11437.0,QA,50.750030995,Qatar,,Asia,QAR
AF,Saint-Denis,fr-RE,935317,-21.3896307613732,REU,-20.8718271541163,RE,776948,55.8366292267104,638,2517.0,RE,55.2165259976951,Réunion,#####,Africa,EUR
EU,Bucharest,"ro,hu,rom",798549,43.6190166499833,ROU,48.2653912058468,RO,19473936,29.7152986907701,642,237500.0,RO,20.2619949052262,Romania,######,Europe,RON
EU,Belgrade,"sr,hu,bs,rom",6290252,42.2315030010001,SRB,46.189446,RI,6982084,23.0063870060001,688,88361.0,RS,18.838044043,Serbia,#####,Europe,RSD
EU,Moscow,"ru,tt,xal,cau,ady,kv,ce,tyv,cv,udm,tut,mns,bua,myv,mdf,chm,ba,inh,kbd,krc,av,sah,nog",2017370,41.185353,RUS,81.857323999,RS,144478050,-169.05,643,17100000.0,RU,19.25,Russia,######,Europe,RUB
AF,Kigali,"rw,en-RW,fr-RW,sw",49518,-2.84023010213747,RWA,-1.04716670707785,RW,12301939,30.8997466415943,646,26338.0,RW,28.8617308206209,Rwanda,,Africa,RWF
AS,Riyadh,ar-SA,102358,16.379528001,SAU,32.154284000000104,SA,33699947,55.6667,682,1960582.0,SA,34.495693,Saudi Arabia,#####,Asia,SAR
OC,Honiara,"en-SB,tpi",2103350,-11.88141903,SLB,-6.58897397999996,BP,652858,166.99122396,90,28450.0,SB,155.51227512,Solomon Islands,,Oceania,SBD
AF,Victoria,"en-SC,fr-SC",241170,-9.753682643000001,SYC,-4.288184846,SE,96762,56.29439287500001,690,455.0,SC,46.209040537,Seychelles,,Africa,SCR
AF,Khartoum,"ar-SD,en,fia",366755,9.48888700000003,SDN,23.1464092140001,SU,41801533,38.5822502880001,729,1861484.0,SD,21.8146345210001,Sudan,#####,Africa,SDG
EU,Stockholm,"sv-SE,se,sma,fi-SE",2661886,55.3374438220002,SWE,69.0599672666879,SW,10183175,24.155245238099,752,449964.0,SE,11.109499387126,Sweden,### ##,Europe,SEK
AS,Singapore,"cmn,en-SG,ms-SG,ta-SG,zh-SG",1880251,1.21065456224784,SGP,1.47077483208476,SN,5638676,104.043617447514,702,692.7,SG,103.605700705134,Singapore,######,Asia,SGD
AF,Jamestown,en-SH,3370751,-16.027609832,SHN,-7.890104563,SH,7460,-5.633942957,654,410.0,SH,-14.420536315000001,Saint Helena,STHL 1ZZ,Africa,SHP
EU,Ljubljana,"sl,sh",3190538,45.421812998164,SVN,46.8766275518195,SI,2067372,16.6106311807,705,20273.0,SI,13.3753342064709,Slovenia,####,Europe,EUR
EU,Longyearbyen,"no,ru",607072,79.20282063100001,SJM,80.75778849400001,SV,2550,33.516285124,744,62049.0,SJ,17.711518465,Svalbard and Jan Mayen,####,Europe,NOK
EU,Bratislava,"sk,hu",3057568,47.7313590000001,SVK,49.6137360000001,LO,5447011,22.5657383340001,703,48845.0,SK,16.8334234020001,Slovakia,### ##,Europe,EUR
AF,Freetown,"en-SL,men,tem",2403846,6.92343700100002,SLE,9.99997300000007,SL,7650154,-10.2716829999999,694,71740.0,SL,-13.302128077,Sierra Leone,,Africa,SLL
EU,San Marino,it-SM,3168068,43.8937002210188,SMR,43.9920929668161,SM,33785,12.51584904544211,674,61.2,SM,12.403605260165023,San Marino,4789#,Europe,EUR
AF,Dakar,"fr-SN,wo,fuc,mnk",2245662,12.3072891,SEN,16.692957200000002,SG,15854360,-11.3457684,686,196190.0,SN,-17.52917099,Senegal,#####,Africa,XOF
AF,Mogadishu,"so-SO,ar-SO,it,en-SO",51537,-1.66186031,SOM,11.987905502,SO,15008154,51.415227890000004,706,637657.0,SO,40.991247200000004,Somalia,@@  #####,Africa,SOS
SA,Paramaribo,"nl-SR,en,srn,hns,jv",3382998,1.8373059999999999,SUR,6.005155563000001,NS,575991,-53.9799257,740,163270.0,SR,-58.0715215,Suriname,,South America,SRD
AF,Juba,en,7909807,3.48898000000003,SSD,12.236389,OD,8260490,35.9489970000001,728,644329.0,SS,23.4408490000001,South Sudan,,Africa,SSP
AF,São Tomé,pt-ST,2410758,0.02066156,STP,1.693975253,TP,197700,7.462481939000001,678,1001.0,ST,6.462357307,São Tomé and Príncipe,,Africa,STN
NA,San Salvador,es-SV,3585968,13.153004391,SLV,14.450557001,ES,6420744,-87.692162,222,21040.0,SV,-90.134654476,El Salvador,CP ####,North America,USD
NA,Philipsburg,"nl,en",7609695,18.005472226000002,SXM,18.064114800000002,NN,40654,-63.013826345000005,534,21.0,SX,-63.13898356200001,Sint Maarten,,North America,ANG
AS,Damascus,"ar-SY,ku,hy,arc,fr,en",163843,32.311136,SYR,37.3205689060001,SY,16906283,42.376309,760,185180.0,SY,35.587210999999996,Syria,,Asia,SYP
AF,Mbabane,"en-SZ,ss-SZ",934841,-27.317402,SWZ,-25.7179199999999,WZ,1136191,32.1349066610001,748,17363.0,SZ,30.7906400000001,Eswatini,@###,Africa,SZL
NA,Cockburn Town,en-TC,3576916,21.422660546000003,TCA,21.865152583,TK,37665,-71.12611550300001,796,430.0,TC,-72.482806678,Turks and Caicos Islands,TKCA 1ZZ,North America,USD
AF,N'Djamena,"fr-TD,ar-TD,sre",2434508,7.44297500000005,TCD,23.4523611160001,CD,15477751,24.0000000000001,148,1284000.0,TD,13.47,Chad,TKCA 1ZZ,Africa,XAF
AN,Port-aux-Français,fr,1546748,-49.733459473,ATF,-37.792188233000005,FS,140,77.599027201,260,7829.0,TF,50.165338948000006,French Southern Territories,,Antarctica,EUR
AF,Lomé,"fr-TG,ee,hna,kbp,dag,ha",2363686,6.11225958700004,TGO,11.1394984250001,TO,7889094,1.8089072290000598,768,56785.0,TG,-0.144041999999956,Togo,,Africa,XOF
AS,Bangkok,"th,en",1605651,5.612851,THA,20.465143,TH,69428524,105.636812,764,514000.0,TH,97.34339600000001,Thailand,#####,Asia,THB
AS,Dushanbe,"tg,ru",1220409,36.672037001,TJK,41.0443670000001,TI,9100837,75.1539560000001,762,143100.0,TJ,67.3420120000001,Tajikistan,######,Asia,TJS
OC,,"tkl,en-TK",4031074,-9.227558487000001,TKL,-9.108554317000001,TL,1466,-171.768725832,772,10.0,TK,-171.864837864,Tokelau,,Oceania,NZD
OC,Dili,"tet,pt-TL,id,en",1966436,-9.504650115966797,TLS,-8.126870155334469,TT,1267972,127.34211730957031,626,15007.0,TL,124.04464721679688,Timor-Leste,,Oceania,USD
AS,Ashgabat,"tk,ru,uz",1218197,35.1290930000001,TKM,42.7982617260001,TX,5850908,66.7073530000001,795,488100.0,TM,52.4455780650001,Turkmenistan,######,Asia,TMT
AF,Tunis,"ar-TN,fr",2464461,30.2415834110001,TUN,37.5419886350001,TS,11565204,11.608143339,788,163610.0,TN,7.52252789300007,Tunisia,####,Africa,TND
OC,Nuku'alofa,"to,en-TO",4032283,-21.4564838739226,TON,-15.566146670329,TN,103197,-173.902137947337,776,748.0,TO,-175.67962556356,Tonga,,Oceania,TOP
AS,Ankara,"tr-TR,ku,diq,az,av",298795,35.8121761290001,TUR,42.104895001,TU,82319724,44.81812800000006,792,780580.0,TR,25.6665057269225,Türkiye,#####,Asia,TRY
NA,Port of Spain,"en-TT,hns,fr,es,zh",3573591,10.04244253,TTO,11.346715214000001,TD,1389858,-60.517431155000004,780,5128.0,TT,-61.931208993000006,Trinidad and Tobago,,North America,TTD
OC,Funafuti,"tvl,en,sm,gil",2110297,-10.791580457901,TUV,-5.64246006144929,TV,11508,179.871049968689,798,26.0,TV,176.059056543963,Tuvalu,,Oceania,AUD
AS,Taipei,"zh-TW,zh,nan,hak",1668284,21.896860123,TWN,25.299417496,TW,23451837,122.00658988900001,158,35980.0,TW,119.54105147400001,Taiwan,#####,Asia,TWD
AF,Dodoma,"sw-TZ,en,ar",149590,-11.761254,TZA,-0.9843969999999441,TZ,56318348,40.4448279960001,834,945087.0,TZ,29.34,Tanzania,,Africa,TZS
EU,Kyiv,"uk,ru-UA,rom,pl,hu",690791,44.3820571900001,UKR,52.3793713250001,UP,44622516,40.22048033,804,603700.0,UA,22.137078,Ukraine,#####,Europe,UAH
AF,Kampala,"en-UG,lg,sw,ar",226074,-1.48153052848838,UGA,4.23136926690327,UG,42723139,35.0010535324228,800,236040.0,UG,29.573465338129,Uganda,,Africa,UGX
OC,,en-UM,5854968,-0.380836502,UMI,28.219882000000002,,0,166.657201837,581,0.0,UM,-177.396594001,U.S. Outlying Islands,,Oceania,USD
NA,Washington,"en-US,es-US,haw,fr",6252001,24.543938895,USA,49.3844873,US,327167434,-66.949185723,840,9629091.0,US,-124.73259849600001,United States,#####-####,North America,USD
SA,Montevideo,es-UY,3439705,-34.9740543027064,URY,-30.0855024328825,UY,3449299,-53.1810509360802,858,176220.0,UY,-58.4393489790361,Uruguay,#####,South America,UYU
AS,Tashkent,"uz,ru,tg",1512440,37.172269828,UZB,45.5900750010001,UZ,32955400,73.1489460000001,860,447400.0,UZ,55.9982180000001,Uzbekistan,######,Asia,UZS
EU,Vatican City,"la,it,fr",3164670,41.90027960306854,VAT,41.90743830885576,VT,921,12.45837546629481,336,0.44,VA,12.44570678169205,Vatican City,#####,Europe,EUR
NA,Kingstown,"en-VC,fr",3577815,12.5839734740001,VCT,13.3831850654817,VC,110211,-61.1149220521562,670,389.0,VC,-61.4608524069999,St Vincent and Grenadines,,North America,XCD
SA,Caracas,es-VE,3625428,0.647529,VEN,12.197061539,VE,28870195,-59.805508700000004,862,912050.0,VE,-73.367039,Venezuela,####,South America,VES
NA,Road Town,en-VG,3577718,18.380604991000002,VGB,18.749786617,VI,29802,-64.270411427,92,153.0,VG,-64.716683919,British Virgin Islands,,North America,USD
NA,Charlotte Amalie,en-VI,4796775,17.673931,VIR,18.415382,VQ,106977,-64.565193,850,352.0,VI,-65.101333,U.S. Virgin Islands,#####-####,North America,USD
AS,Hanoi,"vi,en,fr,zh,km",1562822,8.639453000000001,VNM,23.392650600000003,VM,95540395,109.461706733,704,329560.0,VN,102.1439155,Vietnam,######,Asia,VND
OC,Port Vila,"bi,en-VU,fr-VU",2134431,-20.2524399918312,VUT,-13.0717069251352,NH,292680,169.904111113607,548,12200.0,VU,166.541563758726,Vanuatu,,Oceania,VUV
OC,Mata-Utu,"wls,fud,fr-WF",4034749,-14.3124693963595,WLF,-13.2169133113924,WF,16025,-176.161967235958,876,274.0,WF,-178.181766889147,Wallis and Futuna,#####,Oceania,XPF
OC,Apia,"sm,en-WS",4034894,-14.04874773,WSM,-13.439860841000002,WS,196130,-171.42334263700002,882,2944.0,WS,-172.80340826,Samoa,AS 96799,Oceania,WST
EU,Pristina,"sq,sr",831053,41.857641001,XKX,43.2676851730001,KV,1845300,21.7898670000001,0,10908.0,XK,20.014284,Kosovo,,Europe,EUR
AS,Sanaa,ar-YE,69543,12.108116044,YEM,18.999633000000003,YM,28498687,54.534396920000006,887,527970.0,YE,42.534004661000004,Yemen,,Asia,YER
AF,Mamoudzou,fr-YT,1024031,-13.0000903911179,MYT,-12.6507257773157,MF,279471,45.2999850886235,175,374.0,YT,45.0398136630555,Mayotte,#####,Africa,EUR
AF,Pretoria,"zu,xh,af,nso,en-ZA,tn,st,ts,ss,ve,nr",953987,-34.8341700029999,ZAF,-22.1250300579999,SF,57779622,32.944984945,710,1219912.0,ZA,16.45189,South Africa,####,Africa,ZAR
AF,Lusaka,"en-ZM,bem,loz,lun,lue,ny,toi",895949,-18.077418,ZMB,-8.20328399999994,ZA,17351822,33.7090304810001,894,752614.0,ZM,21.999350925,Zambia,#####,Africa,ZMW
AF,Harare,"en-ZW,sn,nr,nd",878675,-22.421998999,ZWE,-15.609318999,ZI,14439018,33.0682360000001,716,390580.0,ZW,25.2373680000001,Zimbabwe,,Africa,ZWL
